"","DF","lon","lat"
"1","Ennis,Clare,Ireland",NA,NA
"2","Athlone,Westmeath,Ireland",-7.9406898,53.4239331
"3","Kilkee,Clare,Ireland",NA,NA
"4"," Mullingar, Westmeath,Ireland",-7.3381378,53.5259334
"5","Navan, Meath, Ireland",NA,NA
"6","Gort, Galway, Ireland",-8.8187485,53.0666432
"7","Shannon Airport,County Clare,Ireland",-8.9146911,52.6996573
"8","Moate,Westmeath,Ireland",NA,NA
"9","Doolin,County Clare,Ireland",-9.3774199,53.0160289
"10","Castlepollard, Westmeath,Ireland",-7.2964508,53.6800722
"11","Navan, Meath, Ireland",NA,NA
"12","Galway, Galway, Ireland",-9.0567905,53.270668
"13","Dromoland,County Clare,Ireland",-8.9056364,52.7830484
"14","Moate,Westmeath,Ireland",-7.7186188,53.3949987
"15","Kilkee,County Clare,Ireland",NA,NA
"16","Athboy, Meath,Ireland",-6.915637,53.6236329
"17","Trim, Meath, Ireland",-6.7866474,53.5523666
"18","Sligo, County Sligo, Ireland",-8.4760888,54.2766103
"19","Clonakilty, County Cork, Ireland",-8.9055104,51.6203379
"20","Birr, County Offaly, Ireland",-7.9096882,53.0980052
"21","Tullamore,County Offally, Ireland",-7.4933852,53.2755255
"22","Rush, County Dublin, Ireland",-6.0911586,53.5256684
"23","Drogheda, County Louth, Ireland",-6.3560985,53.717856
"24","Dundalk, County Louth, Ireland",-6.405957,53.9979451
"25","Clifden, County Galway, Ireland",NA,NA
"26","Enniscrone, County Sligo, Ireland",NA,NA
"27","Schull, County Cork, Ireland",-9.5479801,51.526867
"28","Rhode, County Offaly, Ireland",-7.1989629,53.3499888
"29","Edenderry, County Offally, Ireland",-7.0505832,53.3432843
"30","Chapelizod, County Dublin, Ireland",-6.3462465,53.34784
"31","Longford, County Longford, Ireland",-7.7932573,53.7276296
"32","Granard, County Longford, Ireland",NA,NA
"33","Tuam, County Galway, Ireland",-8.8565177,53.5141156
"34","Lifford, County Donegal, Ireland",NA,NA
"35","Abbeyfeale,County Limerick, Ireland",-9.2970823,52.3861811
"36","Waterford,County Waterford, Ireland",NA,NA
"37","Abbeyside, Waterford, Ireland",-7.6168652,52.0931797
"38","Abbeydorney, Kerry, Ireland",-9.6879095,52.346618
"39","Abbeyfeale, Limerick, Ireland",-9.2970823,52.3861811
"40","Abbeyleix, Laois, Ireland",-7.3478923,52.9152801
"41","Achill Sound, Mayo, Ireland",NA,NA
"42","Adamstown, Wexford, Ireland",-6.7185567,52.3935687
"43","Adare, Limerick, Ireland",-8.7925892,52.5636339
"44","Aghada-Farsid-Rostellan, Cork, Ireland",-8.19901,51.8435
"45","Aglish, Waterford, Ireland",-7.8222696,52.0715072
"46","Ahascragh, Galway, Ireland",-8.3346318,53.3976127
"47","Allenwood, Kildare, Ireland",-6.8618406,53.2839545
"48","Annacotty, Limerick, Ireland",-8.5376764,52.6680427
"49","Annagry, Donegal, Ireland",NA,NA
"50","Annascaul, Kerry, Ireland",-10.0567611,52.1510786
"51","Ardagh, Limerick, Ireland",-9.0637201,52.4941233
"52","Ardara, Donegal, Ireland",-8.4092864,54.7671456
"53","Ardee, Louth, Ireland",-6.5400009,53.8576227
"54","Ardfert, Kerry, Ireland",NA,NA
"55","Ardfinnan, Tipperary South, Ireland",-7.8842292,52.3092483
"56","Ardmore, Waterford, Ireland",-7.725329,51.9510741
"57","Ardnacrusha (Castlebank), Clare, Ireland",-8.6170408,52.70777
"58","Ardskeagh, Clare, Ireland",NA,NA
"59","Arklow Town, Wicklow, Ireland",-6.1599293,52.7976935
"60","Arvagh, Cavan, Ireland",-7.5799134,53.9214383
"61","Ashbourne, Meath, Ireland",-6.3973818,53.5111621
"62","Ashford, Wicklow, Ireland",-6.108289,53.0107896
"63","Askeaton, Limerick, Ireland",-8.9717511,52.6006587
"64","Athboy, Meath, Ireland",-6.915637,53.6236329
"65","Athea, Limerick, Ireland",-9.289613,52.4609895
"66","Athenry, Galway, Ireland",-8.7453768,53.3008131
"67","Athlone Town, Westmeath, Ireland",-7.9406898,53.4239331
"68","Athy Town, Kildare, Ireland",-6.9857281,52.9918336
"69","Aughrim, Wicklow, Ireland",NA,NA
"70","Avoca, Wicklow, Ireland",-6.2140891,52.8586664
"71","B[edit], Ireland",NA,NA
"72","Bailieborough, Cavan, Ireland",-6.9692942,53.9156096
"73","Balbriggan, Fingal, Dublin, Ireland",-6.1820798,53.6083194
"74","Balla, Mayo, Ireland",-9.1305015,53.8043767
"75","Ballaghaderreen, Roscommon, Ireland",-8.5792106,53.9016968
"76","Ballina, Mayo, Ireland",-9.1550693,54.1149482
"77","Ballina, Tipperary, Ireland",-8.4309179,52.8070154
"78","Ballinagh, Cavan, Ireland",-7.41044,53.9302
"79","Ballinakill, Laois, Ireland",-7.3085753,52.8750077
"80","Ballinamore, Leitrim, Ireland",-7.8032043,54.0522181
"81","Ballinasloe Town, Galway, Ireland",-8.2269467,53.3287621
"82","Ballincar, Sligo, Ireland",-8.5022036,54.2970322
"83","Ballindine, Mayo, Ireland",-8.9567295,53.6692569
"84","Ballineen and Enniskean, Cork, Ireland",NA,NA
"85","Ballingarry, Limerick, Ireland",NA,NA
"86","Ballingarry, Tipperary South, Ireland",-7.547113,52.5876621
"87","Ballingeary, Cork, Ireland",-9.2326402,51.8507469
"88","Ballinlough, Roscommon, Ireland",-8.6335579,53.7418858
"89","Ballinroad, Waterford, Ireland",-7.5734156,52.1037518
"90","Ballinrobe, Mayo, Ireland",NA,NA
"91","Ballintra, Donegal, Ireland",-8.1243234,54.5788499
"92","Ballisodare, Sligo, Ireland",-8.5090366,54.2121162
"93","Ballitore, Kildare, Ireland",NA,NA
"94","Ballivor, Meath, Ireland",-6.9680717,53.5329521
"95","Ballon, Carlow, Ireland",NA,NA
"96","Ballyagran, Limerick, Ireland",NA,NA
"97","Ballybay, Monaghan, Ireland",-6.9027864,54.1294617
"98","Ballybay Environs, Monaghan, Ireland",NA,NA
"99","Ballybofey-Stranorlar, Donegal, Ireland",-7.7875481,54.7968244
"100","Ballyboghil, Fingal, Ireland",-6.2675954,53.520206
"101","Ballybunion, Kerry, Ireland",-9.67097,52.51108
"102","Ballycanew, Wexford, Ireland",-6.3049672,52.6106782
"103","Ballycannan, Clare, Ireland",-8.6448995,52.7081255
"104","Ballycastle, Mayo, Ireland",-9.3724643,54.2796698
"105","Ballyclerahan, Tipperary South, Ireland",NA,NA
"106","Ballyclogh, Cork, Ireland",NA,NA
"107","Ballyconnell, Cavan, Ireland",NA,NA
"108","Ballycotton, Cork, Ireland",-8.0097621,51.8299148
"109","Ballycullane, Wexford, Ireland",NA,NA
"110","Ballycumber, Offaly, Ireland",-7.6861137,53.3264159
"111","Ballydehob, Cork, Ireland",-9.4553674,51.5630082
"112","Ballydesmond, Cork, Ireland",-9.2341524,52.1796564
"113","Ballyduff, Kerry, Ireland",NA,NA
"114","Ballyfarnon, Roscommon, Ireland",-8.2047173,54.0723661
"115","Ballygar, Galway, Ireland",-8.3257391,53.5225627
"116","Ballygeary (or Rosslare Harbour), Wexford, Ireland",-6.3414908,52.2513061
"117","Ballyhack, Wexford, Ireland",-6.964192,52.2484749
"118","Ballyhaise, Cavan, Ireland",-7.3155094,54.0473393
"119","Ballyhaunis, Mayo, Ireland",-8.7645957,53.7628378
"120","Ballyheigue, Kerry, Ireland",-9.8277419,52.3904645
"121","Ballyhooly, Cork, Ireland",-8.3980968,52.1452748
"122","Ballyjamesduff, Cavan, Ireland",-7.2064562,53.8638736
"123","Ballylanders, Limerick, Ireland",NA,NA
"124","Ballyliffin, Donegal, Ireland",-7.3942123,55.2784391
"125","Ballylinan, Laois, Ireland",-7.0420455,52.9435883
"126","Ballylongford, Kerry, Ireland",-9.4788097,52.5479992
"127","Ballymahon, Longford, Ireland",-7.7645964,53.5643632
"128","Ballymakeery, Cork, Ireland",-9.1454314,51.9363905
"129","Ballymore, Westmeath, Ireland",-7.6797464,53.4909131
"130","Ballymore Eustace, Kildare, Ireland",-6.6148809,53.1330099
"131","Ballymote, Sligo, Ireland",-8.5171827,54.0898288
"132","Ballymulcashel, Clare, Ireland",-8.7738842,52.77986
"133","Ballynacargy, Westmeath, Ireland",NA,NA
"134","Ballyoulster, Kildare, Ireland",-6.5151111,53.3403634
"135","Ballyporeen, Tipperary South, Ireland",-8.0992106,52.2701094
"136","Ballyragget, Kilkenny, Ireland",-7.3338244,52.7886714
"137","Ballyroan, Laois, Ireland",-7.3046676,52.9483991
"138","Ballyroe, Kildare, Ireland",-6.9437523,52.956216
"139","Ballysax, Kildare, Ireland",-6.81287,53.12651
"140","Ballyshannon, Donegal, Ireland",-8.1920416,54.5029882
"141","Ballysimon, Wexford, Ireland",-6.4872215,52.5232771
"142","Ballyvaughan, Clare, Ireland",-9.1494233,53.1155333
"143","Balreask, Meath, Ireland",-6.6840273,53.5775781
"144","Baltimore, Cork, Ireland",-9.3661093,51.4843274
"145","Baltinglass, Wicklow, Ireland",-6.71098,52.9407807
"146","Baltray, Louth, Ireland",-6.2704904,53.7371107
"147","Banagher, Offaly, Ireland",-7.9861049,53.1901112
"148","Bandon, Cork, Ireland",-8.7253133,51.7472382
"149","Bangor Erris, Mayo, Ireland",NA,NA
"150","Bansha, Tipperary South, Ireland",-8.0642959,52.4482369
"151","Banteer, Cork, Ireland",-8.8935092,52.1294606
"152","Bantry, Cork, Ireland",-9.4525763,51.6800803
"153","Barntown, Wexford, Ireland",NA,NA
"154","Beaufort, Kerry, Ireland",NA,NA
"155","Bellanode, Monaghan, Ireland",-7.0364418,54.266922
"156","Belmont, Offaly, Ireland",NA,NA
"157","Belmullet, Mayo, Ireland",-9.9876028,54.2238996
"158","Belturbet, Cavan, Ireland",NA,NA
"159","Bennettsbridge, Kilkenny, Ireland",-7.1842575,52.5916575
"160","Birr, Offaly, Ireland",-7.9096882,53.0980052
"161","Blacklion, Cavan, Ireland",NA,NA
"162","Blarney, Cork, Ireland",-8.5612438,51.9338275
"163","Blessington, Wicklow, Ireland",-6.5340687,53.1696579
"164","Boherbue, Cork, Ireland",-9.0684828,52.1582386
"165","Borris, Carlow, Ireland",-6.9230824,52.5998053
"166","Borris-in-Ossory, Laois, Ireland",NA,NA
"167","Borrisokane, Ireland",-8.1273257,52.9963736
"168","Borrisoleigh, Tipperary North, Ireland",NA,NA
"169","Boyle, Roscommon, Ireland",-8.2972757,53.9722082
"170","Bracknagh, Offaly, Ireland",-7.0981836,53.209205
"171","Bray, Wicklow, Ireland",-6.1110741,53.200903
"172","Bridebridge, Cork, Ireland",NA,NA
"173","Bridge End, Donegal, Ireland",-7.3821884,55.0422391
"174","Bridgetown, Wexford, Ireland",-6.549064,52.2302422
"175","Brinlack, Donegal, Ireland",NA,NA
"176","Brittas, South Dublin, Ireland",-6.4289304,53.2121182
"177","Broadford, Limerick, Ireland",NA,NA
"178","Brosna, Kerry, Ireland",-9.2707098,52.3127106
"179","Brownstown, Kildare, Ireland",-6.94318,53.27041
"180","Bruff, Limerick, Ireland",-8.5470439,52.4755947
"181","Bruree, Limerick, Ireland",NA,NA
"182","Bunbeg-Derrybeg, Donegal, Ireland",-8.2287039,55.0498014
"183","Bunclody-Carrickduff, Carlow and Wexford, Ireland",-6.652193,52.6550857
"184","Buncrana Town, Donegal, Ireland",-7.4560128,55.1365797
"185","Bundoran Town, Donegal, Ireland",NA,NA
"186","Burnfoot, Donegal, Ireland",-7.4049447,55.0583056
"187","Burtonport, Donegal, Ireland",-8.4326581,54.9845286
"188","Butlersbridge, Cavan, Ireland",-7.3769588,54.0452119
"189","Buttevant, Cork, Ireland",-8.6701247,52.2321335
"190","Abbeydorney, Kerry, Ireland",NA,NA
"191","Abbeyside, Waterford, Ireland",-7.6168652,52.0931797
"192","Ballylinan, Laois, Ireland",-7.0420455,52.9435883
"193","Ballylongford, Kerry, Ireland",NA,NA
"194","Ballymahon, Longford, Ireland",NA,NA
"195","Cabragh, Monaghan, Ireland",NA,NA
"196","Caherconlish, Limerick, Ireland",-8.472297,52.5951557
"197","Cahersiveen, Kerry, Ireland",-10.2209047,51.9477992
"198","Cahir, Tipperary South, Ireland",NA,NA
"199","Callan, Kilkenny, Ireland",-7.3920332,52.5448213
"200","Camolin, Wexford, Ireland",-6.4263356,52.6156787
"201","Campile, Wexford, Ireland",-6.9412808,52.2876617
"202","Cappamore, Limerick, Ireland",-8.3368804,52.6152436
"203","Cappawhite, Tipperary South, Ireland",-8.1670499,52.58073
"204","Cappoquin, Waterford, Ireland",-7.8427438,52.1462713
"205","Carlingford, Louth, Ireland",NA,NA
"206","Carlow Town, Carlow, Ireland",-6.9341359,52.8365072
"207","Carndonagh, Donegal, Ireland",-7.2668905,55.2506229
"208","Carnew, Wicklow, Ireland",-6.4992316,52.7096658
"209","Carragh, Kildare, Ireland",-6.7290731,53.2373698
"210","Carraroe, Galway, Ireland",-9.5982671,53.2641084
"211","Carrick-on-Shannon, Leitrim and Roscommon, Ireland",NA,NA
"212","Carrick-on-Suir Town, Tipperary South, Ireland",NA,NA
"213","Carrick, Donegal, Ireland",-8.6327484,54.6577244
"214","Carrickmacross Town, Monaghan, Ireland",-6.7188238,53.9779778
"215","Carrigaline, Cork, Ireland",-8.3914957,51.817905
"216","Carrigallen, Leitrim, Ireland",-7.6443259,53.9769348
"217","Carrigans, Donegal, Ireland",NA,NA
"218","Carrigkerry, Limerick, Ireland",-9.1484838,52.4946971
"219","Carrigtwohill, Cork, Ireland",NA,NA
"220","Carrowkeel, Donegal, Ireland",NA,NA
"221","Cashel Town, Tipperary South, Ireland",NA,NA
"222","Castle Ellis, Wexford, Ireland",-6.61987,52.52144
"223","Castlebar Town, Mayo, Ireland",-9.2879257,53.8550014
"224","Castlebellingham/Kilsaran, Louth, Ireland",-6.3895,53.89811
"225","Castleblayney Town, Monaghan, Ireland",-6.7397374,54.120659
"226","Castlebridge, Wexford, Ireland",-6.4502872,52.3824281
"227","Castlecomer-Donaguile, Kilkenny, Ireland",-7.2095454,52.805467
"228","Castleconnell, Limerick, Ireland",NA,NA
"229","Castledermot, Kildare, Ireland",NA,NA
"230","Castlefin, Donegal, Ireland",-7.5895814,54.802999
"231","Castlegregory, Kerry, Ireland",-10.0207218,52.2534651
"232","Castleisland, Kerry, Ireland",-9.4601492,52.2328974
"233","Castlelyons, Cork, Ireland",-8.2336991,52.0885669
"234","Castlemartyr, Cork, Ireland",-8.0535486,51.9119477
"235","Castlepollard, Westmeath, Ireland",-7.2964508,53.6800722
"236","Castlerea, Roscommon, Ireland",-8.4924537,53.7686571
"237","Castletown, Laois, Ireland",-7.4995604,52.9774693
"238","Castletownbere, Cork, Ireland",-9.9103302,51.6514954
"239","Castletownroche, Cork, Ireland",-8.4634479,52.1731113
"240","Castletownshend, Cork, Ireland",-9.1793869,51.5265757
"241","Causeway, Kerry, Ireland",-9.7330771,52.414422
"242","Cavan Town, Cavan, Ireland",-7.3633319,53.9897186
"243","Ceannanus Mór (formerly Kells) Town, Meath, Ireland",NA,NA
"244","Celbridge, Kildare, Ireland",-6.5384589,53.339897
"245","Charlestown-Bellahy, Mayo and Sligo, Ireland",NA,NA
"246","Cheekpoint, Waterford, Ireland",-7.0036114,52.2685767
"247","Churchbay, Cork, Ireland",-8.28217,51.79577
"248","Clane, Kildare, Ireland",-6.6870404,53.293785
"249","Clara, Offaly, Ireland",NA,NA
"250","Claregalway, Galway, Ireland",NA,NA
"251","Claremorris, Mayo, Ireland",-9.0017356,53.7238764
"252","Clarinbridge, Galway, Ireland",NA,NA
"253","Clashmore, Waterford, Ireland",-7.8188756,52.0093569
"254","Clifden, Galway, Ireland",-10.0202388,53.4891345
"255","Cliffoney, Sligo, Ireland",-8.4534324,54.430559
"256","Clogh-Chatsworth, Kilkenny, Ireland",-7.168148,52.8711156
"257","Cloghan, Offaly, Ireland",-7.53,53.13
"258","Clogheen, Tipperary South, Ireland",-7.9951028,52.2770794
"259","Clogherhead, Louth, Ireland",-6.2388506,53.7916777
"260","Clonakilty Town, Cork, Ireland",-8.9055104,51.6203379
"261","Clonard, Meath, Ireland",-7.0231073,53.4515329
"262","Clonaslee, Laois, Ireland",-7.5243696,53.1486014
"263","Clonbullogue, Offaly, Ireland",-7.05,53.15
"264","Clonee Village, Meath, Ireland",-6.4426,53.4105621
"265","Clonegal, Carlow and Wexford, Ireland",-6.6477303,52.6948009
"266","Clones Town, Monaghan, Ireland",-7.2306671,54.1796829
"267","Clongeen, Wexford, Ireland",-6.7733493,52.2966589
"268","Clonlara, Clare, Ireland",-8.5546236,52.7247118
"269","Clonmany, Donegal, Ireland",-7.4116109,55.2628052
"270","Clonmel Borough, Tipperary South, Ireland",-7.6993901,52.3532758
"271","Clonmellon, Westmeath, Ireland",-7.0183933,53.6640717
"272","Clonroche, Wexford, Ireland",NA,NA
"273","Clontuskert, Roscommon, Ireland",-8.0013458,53.7036046
"274","Cloonboo, Galway, Ireland",-8.6601382,53.5137007
"275","Cloughjordan, Tipperary North, Ireland",-8.0383372,52.9429442
"276","Cloyne, Cork, Ireland",-8.121237,51.8630971
"277","Coachford, Cork, Ireland",-8.7889601,51.909471
"278","Cobh Town, Cork, Ireland",NA,NA
"279","Coill Dubh (or Blackwood), Kildare, Ireland",-6.8170729,53.2938748
"280","Collinstown, Westmeath, Ireland",NA,NA
"281","Collon, Louth, Ireland",-6.4840991,53.7777425
"282","Collooney, Sligo, Ireland",-8.4988292,54.1803292
"283","Cong, Galway and Mayo, Ireland",-9.2834604,53.5416844
"284","Conna, Cork, Ireland",-8.1073545,52.0931079
"285","Convoy, Donegal, Ireland",-7.6654467,54.859725
"286","Coolagary, Offaly, Ireland",-7.1980809,53.2329221
"287","Coolaney, Sligo, Ireland",-8.6008023,54.1738093
"288","Coolgreany, Wexford, Ireland",-6.2360077,52.7647077
"289","Coonagh, Limerick, Ireland",NA,NA
"290","Cootehill, Cavan, Ireland",-7.0823541,54.0725034
"291","Cork City, Cork, Ireland",-8.4863157,51.8968917
"292","Corofin, Clare, Ireland",-9.0640874,52.9448216
"293","Courtmacsherry, Cork, Ireland",-8.7059339,51.6338554
"294","Courtown Harbour, Wexford, Ireland",NA,NA
"295","Cratloe, Clare, Ireland",NA,NA
"296","Craughwell, Galway, Ireland",-8.7347736,53.2302689
"297","Creeslough, Donegal, Ireland",-7.9094676,55.1233497
"298","Crocknamurleog, Donegal, Ireland",-7.8470231,55.1967532
"299","Cromane, Kerry, Ireland",-9.8985347,52.1061221
"300","Crookstown, Cork, Ireland",-8.8304319,51.842427
"301","Croom, Limerick, Ireland",NA,NA
"302","Crosshaven, Cork, Ireland",NA,NA
"303","Crossmolina, Mayo, Ireland",-9.3158456,54.100342
"304","Culdaff, Donegal, Ireland",-7.1651352,55.2859437
"305","D[edit], Ireland",-6.2209259,53.4581754
"306","Daingean, Offaly, Ireland",-7.291967,53.2960818
"307","Danescastle, Wexford, Ireland",-6.7311899,52.2418678
"308","Delvin, Westmeath, Ireland",-7.0917224,53.6125653
"309","Derrinturn, Kildare, Ireland",NA,NA
"310","Dingle, Kerry, Ireland",-10.2640135,52.1409389
"311","Donabate, Fingal, Ireland",-6.1504482,53.4853365
"312","Donard, Wicklow, Ireland",NA,NA
"313","Donegal, Donegal, Ireland",-8.1096143,54.653827
"314","Doneraile, Cork, Ireland",-8.5859774,52.2151735
"315","Donore, Meath, Ireland",-6.4172506,53.6921097
"316","Doon, Limerick, Ireland",NA,NA
"317","Doonbeg, Clare, Ireland",-9.5259951,52.7308501
"318","Drimoleague, Cork, Ireland",-9.2612453,51.6599357
"319","Drogheda Borough, Louth, Ireland",-6.3546726,53.7165706
"320","Droichead Nua (formerly Newbridge), Kildare, Ireland",NA,NA
"321","Dromahair, Leitrim, Ireland",-8.3026235,54.2306704
"322","Dromcolliher, Limerick, Ireland",NA,NA
"323","Dromina, Cork, Ireland",NA,NA
"324","Dromiskin, Louth, Ireland",-6.4010092,53.9217123
"325","Drommahane, Cork, Ireland",-8.6908349,52.1056038
"326","Drumconrath, Meath, Ireland",-6.6563416,53.8515966
"327","Drumkeeran, Leitrim, Ireland",-8.142664,54.169409
"328","Drumlish, Longford, Ireland",NA,NA
"329","Drumshanbo, Leitrim, Ireland",-8.0358416,54.048727
"330","Drumsna, Leitrim, Ireland",-8.0079272,53.9269176
"331","Dublin, Dublin, Ireland",NA,NA
"332","Duleek, Meath, Ireland",-6.4221752,53.6547501
"333","Dunboyne, Meath, Ireland",NA,NA
"334","Duncannon, Wexford, Ireland",-6.9325606,52.2206117
"335","Duncormick, Wexford, Ireland",-6.6550542,52.2285412
"336","Dundalk Town, Louth, Ireland",NA,NA
"337","Dundrum, Tipperary South, Ireland",-8.0432251,52.5595234
"338","Dunfanaghy, Donegal, Ireland",-7.9694369,55.1834711
"339","Dungarvan Town, Waterford, Ireland",-7.6203627,52.0936763
"340","Dungloe, Donegal, Ireland",-8.3573628,54.9502887
"341","Dunkineely, Donegal, Ireland",-8.3570787,54.6320711
"342","Dunlavin, Wicklow, Ireland",-6.7016395,53.0578764
"343","Dunleer, Louth, Ireland",-6.3944559,53.8310533
"344","Dunmanway, Cork, Ireland",NA,NA
"345","Dunmore East, Waterford, Ireland",-6.994804,52.1527666
"346","Dunmore, Galway, Ireland",-8.7441461,53.6180163
"347","Dunshaughlin, Meath, Ireland",-6.5402525,53.5135229
"348","Durrow, Laois, Ireland",NA,NA
"349","Durrus, Cork, Ireland",-9.521993,51.6217112
"350","E[edit], Ireland",-6.2209259,53.4581754
"351","Easky, Sligo, Ireland",NA,NA
"352","Edenderry, Offaly, Ireland",-7.0505832,53.3432843
"353","Elphin, Roscommon, Ireland",-8.1978488,53.8522697
"354","Emly, Tipperary South, Ireland",-8.3512916,52.4639181
"355","Emo, Laois, Ireland",-7.208535,53.097203
"356","Emyvale, Monaghan, Ireland",-6.9592611,54.3409914
"357","Enfield, Meath, Ireland",-6.8296541,53.4142026
"358","Ennis Town, Clare, Ireland",-8.9887384,52.8474255
"359","Enniscorthy Town, Wexford, Ireland",NA,NA
"360","Enniskerry, Wicklow, Ireland",-6.1707299,53.1935037
"361","Ennistymon, Clare, Ireland",-9.2934951,52.940372
"362","Eyrecourt, Galway, Ireland",-8.131427,53.1997171
"363","F[edit], Ireland",NA,NA
"364","Fahan, Donegal, Ireland",NA,NA
"365","Falcarragh (or Cross Roads), Donegal, Ireland",NA,NA
"366","Farran, Cork, Ireland",-8.7204343,51.8733225
"367","Feakle, Clare, Ireland",-8.6486521,52.9260682
"368","Fenit, Kerry, Ireland",-9.8612114,52.2784045
"369","Ferbane, Offaly, Ireland",-7.8278719,53.27195
"370","Fermoy Town, Cork, Ireland",-8.2812256,52.1372719
"371","Ferns, Wexford, Ireland",-6.4980105,52.5909249
"372","Fethard-on-Sea, Wexford, Ireland",-6.8402182,52.1923021
"373","Fethard, Tipperary South, Ireland",-7.6927334,52.4659436
"374","Ford, Wexford, Ireland",-6.454469,52.351292
"375","Fountainstown, Cork, Ireland",NA,NA
"376","Foxford, Mayo, Ireland",NA,NA
"377","Foynes, Limerick, Ireland",NA,NA
"378","Frenchpark, Roscommon, Ireland",-8.4074281,53.8695107
"379","Freshford, Kilkenny, Ireland",-7.3968551,52.7325047
"380","Furbogh, Galway, Ireland",-9.12,53.15
"381","G[edit], Ireland",-6.2209259,53.4581754
"382","Galbally, Limerick, Ireland",-8.2961252,52.4012269
"383","Galway City, Galway, Ireland",-9.0567905,53.270668
"384","Garristown, Fingal, Ireland",-6.3835624,53.5668673
"385","Geashill, Offaly, Ireland",-7.3209776,53.2352224
"386","Glanworth, Cork, Ireland",-8.3567368,52.1866296
"387","Glassan, Westmeath, Ireland",-7.8639073,53.4699107
"388","Glasslough, Monaghan, Ireland",-6.8971168,54.3172784
"389","Glen, Limerick, Ireland",-8.6306669,52.661149
"390","Glenamaddy, Galway, Ireland",NA,NA
"391","Glenbeigh, Kerry, Ireland",-9.9403477,52.0561861
"392","Glencolumbkille, Donegal, Ireland",NA,NA
"393","Glencullen, Dún Laoghaire–Rathdown, Dublin, Ireland",NA,NA
"394","Glenealy, Wicklow, Ireland",-6.1445729,52.9666341
"395","Glenties, Donegal, Ireland",-8.2830316,54.7971669
"396","Glin, Limerick, Ireland",-9.284973,52.5719106
"397","Gneevgullia, Kerry, Ireland",-9.2719471,52.1166851
"398","Golden, Tipperary South, Ireland",-7.9807495,52.4984411
"399","Goresbridge, Kilkenny, Ireland",-6.9926557,52.6300281
"400","Gorey, Wexford, Ireland",NA,NA
"401","Gormanston, Meath, Ireland",-6.2342708,53.637306
"402","Gort, Galway, Ireland",-8.8187485,53.0666432
"403","Gortahork, Donegal, Ireland",-8.1332033,55.1200955
"404","Gortnahoo, Tipperary South, Ireland",NA,NA
"405","Gowran, Kilkenny, Ireland",NA,NA
"406","Grahormac, Wexford, Ireland",NA,NA
"407","Graiguenamanagh- Tinnahinch, Carlow and Kilkenny, Ireland",NA,NA
"408","Granard, Longford, Ireland",NA,NA
"409","Grange, Sligo, Ireland",-8.531207,54.39774
"410","Grangemore, Kildare, Ireland",-6.7132364,53.1176426
"411","Greencastle, Donegal, Ireland",-6.9875478,55.203361
"412","Greystones, Wicklow, Ireland",-6.0793414,53.1491175
"413","Gurteen, Sligo, Ireland",-8.5223607,53.9958153
"414","H[edit], Ireland",NA,NA
"415","Hacketstown, Carlow, Ireland",-6.5586053,52.8653857
"416","Headford, Galway, Ireland",-9.106134,53.4694617
"417","Holycross, Tipperary North, and Tipperary South, Ireland",-7.8701794,52.6397686
"418","Hospital, Limerick, Ireland",NA,NA
"419","I[edit], Ireland",-6.2209259,53.4581754
"420","Inchigeelagh, Cork, Ireland",-9.1264323,51.8424464
"421","Inistioge, Kilkenny, Ireland",-7.06512,52.4875393
"422","Inniscrone, Sligo, Ireland",-9.0908352,54.2136818
"423","Innishannon, Cork, Ireland",-8.6565357,51.7646154
"424","Inniskeen, Monaghan, Ireland",NA,NA
"425","J[edit], Ireland",NA,NA
"426","Jenkinstown, Louth, Ireland",-6.3103519,54.0160556
"427","Johnstown, Kildare, Ireland",-6.6217975,53.2370579
"428","Johnstown, Kilkenny, Ireland",NA,NA
"429","Julianstown/Whitecross, Meath, Ireland",-6.2779141,53.668188
"430","K[edit], Ireland",NA,NA
"431","Kanturk, Cork, Ireland",-8.9051669,52.1772549
"432","Keadew, Roscommon, Ireland",-8.1377558,54.0511423
"433","Keel-Dooagh, Mayo, Ireland",-10.0778562,53.9752452
"434","Keenagh, Longford, Ireland",-7.8147206,53.622007
"435","Kells, Kilkenny, Ireland",-7.105,52.325
"436","Kenmare, Kerry, Ireland",-9.5835203,51.8801017
"437","Kentstown, Meath, Ireland",-6.5333411,53.6275364
"438","Kernanstown, Carlow, Ireland",-6.8860186,52.8362809
"439","Kilbeggan, Westmeath, Ireland",-7.4944858,53.365076
"440","Kilberry, Kildare, Ireland",-7.016987,53.0311398
"441","Kilcar, Donegal, Ireland",-8.5894621,54.6323944
"442","Kilcloon, Meath, Ireland",-6.58392,53.42723
"443","Kilcock, Kildare, Ireland",-6.6681233,53.3994266
"444","Kilcoole, Wicklow, Ireland",-6.0645861,53.1062723
"445","Kilcormac (or Frankford), Offaly, Ireland",-7.7273944,53.1764189
"446","Kilcullen, Kildare, Ireland",-6.7452791,53.1302865
"447","Kildalkey, Meath, Ireland",-6.9060291,53.5714499
"448","Kildare, Kildare, Ireland",-6.9095683,53.1589342
"449","Kildorrery, Cork, Ireland",-8.4273898,52.2464986
"450","Kildrum, Donegal, Ireland",-7.4169364,54.9809877
"451","Kildysart, Clare, Ireland",-9.1042389,52.6715722
"452","Kilfenora, Clare, Ireland",-9.218327,52.9899429
"453","Kilfinane, Limerick, Ireland",-8.4672787,52.3586898
"454","Kilgarvan, Kerry, Ireland",-9.4384061,51.9031476
"455","Kilkee, Clare, Ireland",NA,NA
"456","Kilkelly, Mayo, Ireland",-8.8502415,53.8717922
"457","Kilkenny Borough, Kilkenny, Ireland",-7.2447879,52.6541454
"458","Kilkishen, Clare, Ireland",-8.7470346,52.8071551
"459","Kill, Kildare, Ireland",-6.5905306,53.2487063
"460","Kill, Waterford, Ireland",-7.3353921,52.1758844
"461","Killala, Mayo, Ireland",NA,NA
"462","Killaloe, Clare, Ireland",NA,NA
"463","Killarney Town, Kerry, Ireland",NA,NA
"464","Killavullen, Cork, Ireland",NA,NA
"465","Killeagh, Cork, Ireland",NA,NA
"466","Killeigh, Offaly, Ireland",-7.4503427,53.2140733
"467","Killenaule, Tipperary South, Ireland",-7.76965,52.53818
"468","Killeshandra, Cavan, Ireland",-7.5282313,54.0138727
"469","Killimor, Galway, Ireland",-8.2910516,53.1656231
"470","Killorglin, Kerry, Ireland",-9.7843403,52.1063508
"471","Killucan-Rathwire, Westmeath, Ireland",-7.1427857,53.5136852
"472","Killumney, Cork, Ireland",-8.6588064,51.8628897
"473","Killybegs, Donegal, Ireland",-8.4547084,54.6347625
"474","Killygordan, Donegal, Ireland",-7.6835354,54.7968309
"475","Kilmacanogue, Wicklow, Ireland",NA,NA
"476","Kilmacow, Kilkenny, Ireland",-7.1769117,52.3123573
"477","Kilmacrennan, Donegal, Ireland",-7.7793541,55.030269
"478","Kilmacthomas, Waterford, Ireland",-7.4267652,52.2054897
"479","Kilmaine, Mayo, Ireland",-9.1220228,53.5813773
"480","Kilmainham, Meath, Ireland",-6.8542575,53.719039
"481","Kilmallock, Limerick, Ireland",NA,NA
"482","Kilmeage, Kildare, Ireland",-6.8399263,53.2510535
"483","Kilmessan, Meath, Ireland",-6.6589527,53.5588885
"484","Kilmihill, Clare, Ireland",-9.3200276,52.7245443
"485","Kilmoganny, Kilkenny, Ireland",-7.3289369,52.4613287
"486","Kilmore Quay, Wexford, Ireland",-6.5863919,52.1757194
"487","Kilnaleck, Cavan, Ireland",-7.3213784,53.8622249
"488","Kilpedder, Wicklow, Ireland",-6.1055471,53.1103735
"489","Kilrane, Wexford, Ireland",-6.3549143,52.2419402
"490","Kilronan, Galway, Ireland",-9.6703728,53.1232125
"491","Kilrush Town, Clare, Ireland",-9.4859374,52.6406999
"492","Kilsheelan, Tipperary South, Ireland",-7.5834557,52.3615815
"493","Kiltimagh, Mayo, Ireland",-8.9994739,53.8494839
"494","Kilworth, Cork, Ireland",-8.2473123,52.1760533
"495","Kingscourt, Cavan, Ireland",-6.8052229,53.9068739
"496","Kinlough, Leitrim, Ireland",-8.2858213,54.4487146
"497","Kinnegad, Westmeath, Ireland",NA,NA
"498","Kinnitty, Offaly, Ireland",-7.7189969,53.097806
"499","Kinsale Town, Cork, Ireland",-8.5222327,51.7058853
"500","Kinsealy-Drinan, Fingal, Ireland",-6.1763644,53.4245123
"501","Kinvara, Galway, Ireland",-8.9362964,53.1389085
"502","Knightstown, Kerry, Ireland",-10.2918805,51.9253777
"503","Knock, Mayo, Ireland",-8.921466,53.7900638
"504","Knockbridge, Louth, Ireland",-6.486281,53.9718223
"505","Knockglass, Cork, Ireland",-8.0302981,51.8903507
"506","Knocklong, Limerick, Ireland",NA,NA
"507","Knocknagree, Cork, Ireland",NA,NA
"508","L[edit], Ireland",NA,NA
"509","Lackaghbeg, Galway, Ireland",-8.87875,53.3671
"510","Ladytown, Kildare, Ireland",-6.7365414,53.1999245
"511","Laghy (Laghey), Donegal, Ireland",-8.0876,54.6182
"512","Lahinch, Clare, Ireland",-9.3440769,52.9334632
"513","Lanesborough-Ballyleague, Longford and Roscommon, Ireland",-7.9873346,53.6714035
"514","Laragh, Wicklow, Ireland",-6.3004389,53.0089293
"515","Lawcus, Kilkenny, Ireland",-7.2381265,52.5383407
"516","Laytown-Bettystown-Mornington, Meath, Ireland",-6.244722,53.698611
"517","Leap, Cork, Ireland",NA,NA
"518","Leighlinbridge, Carlow, Ireland",-6.974807,52.7357705
"519","Leixlip, Kildare, Ireland",-6.4900033,53.3638428
"520","Lemybrien, Waterford, Ireland",-7.5195837,52.1683402
"521","Letterkenny Town, Donegal, Ireland",-7.7342787,54.9558392
"522","Lifford, Donegal, Ireland",-7.485639,54.8328751
"523","Limerick City, Limerick, Ireland",NA,NA
"524","Liscannor, Clare, Ireland",-9.3922452,52.9383667
"525","Liscarroll, Cork, Ireland",-8.8041711,52.2600728
"526","Lisdoonvarna, Clare, Ireland",-9.2897106,53.0301669
"527","Lismore, Waterford, Ireland",NA,NA
"528","Listowel Town, Kerry, Ireland",-9.4853655,52.4460488
"529","Littleton, Tipperary North, Ireland",-7.735419,52.6369829
"530","Lixnaw, Kerry, Ireland",-9.6181276,52.4064615
"531","Longford Town, Longford, Ireland",-7.7932573,53.7276296
"532","Longwood, Meath, Ireland",NA,NA
"533","Loughanure, Donegal, Ireland",-8.2915053,54.9981527
"534","Loughglinn, Roscommon, Ireland",-8.561583,53.8225476
"535","Loughrea, Galway, Ireland",-8.5660931,53.1989136
"536","Loughshinny, Fingal, Ireland",NA,NA
"537","Louisburgh, Mayo, Ireland",-9.8090849,53.7631376
"538","Louth, Louth, Ireland",-6.54062,53.9508
"539","Lusk, Fingal, Ireland",-6.1658841,53.5263264
"540","M[edit], Ireland",NA,NA
"541","Macroom Town, Cork, Ireland",-8.9588478,51.9048039
"542","Maddenstown, Kildare, Ireland",-6.86764,53.13653
"543","Malahide, Fingal, Ireland",-6.1501378,53.4509236
"544","Mallow Town, Cork, Ireland",-8.6539164,52.1389762
"545","Manorcunningham, Donegal, Ireland",-7.6233678,54.9552585
"546","Manorhamilton, Leitrim, Ireland",NA,NA
"547","Maynooth, Kildare, Ireland",-6.5918499,53.3812896
"548","Meathas Truim (or Edgeworthstown), Longford, Ireland",NA,NA
"549","Meenlaragh, Donegal, Ireland",-8.1850861,55.1451784
"550","Midleton Town, Cork, Ireland",-8.1726276,51.9143321
"551","Milford, Cork, Ireland",-8.8565457,52.340739
"552","Milford, Donegal, Ireland",-7.6989621,55.0883927
"553","Millstreet, Cork, Ireland",-9.0647121,52.0601318
"554","Milltown Malbay, Clare, Ireland",-9.4007763,52.8562013
"555","Milltown, Kerry, Ireland",-9.7175069,52.1451912
"556","Milltown, Kildare, Ireland",-6.8611927,53.2051083
"557","Mitchelstown, Cork, Ireland",-8.2698863,52.2662127
"558","Moate, Westmeath, Ireland",NA,NA
"559","Model Village (or Dripsey), Cork, Ireland",NA,NA
"560","Mohill, Leitrim, Ireland",-7.8653101,53.9218288
"561","Monaghan Town, Monaghan, Ireland",-6.9683082,54.2492434
"562","Monasterevin, Kildare, Ireland",-7.060377,53.1400651
"563","Moneenroe, Kilkenny, Ireland",-7.172877,52.8350506
"564","Moneygall, Offaly, Ireland",NA,NA
"565","Monivea, Galway, Ireland",-8.702721,53.374262
"566","Mooncoin, Kilkenny, Ireland",NA,NA
"567","Moroe, Limerick, Ireland",-8.4034635,52.6492908
"568","Mount Bellew, Galway, Ireland",NA,NA
"569","Mountcharles, Donegal, Ireland",-8.1947189,54.6474421
"570","Mountcollins, Limerick, Ireland",-8.974056,52.345099
"571","Mountmellick, Laois, Ireland",-7.3267379,53.1181481
"572","Mountrath, Laois, Ireland",-7.4675763,52.995014
"573","Moville, Donegal, Ireland",-7.0400533,55.1890182
"574","Moycullen, Galway, Ireland",NA,NA
"575","Moylough, Galway, Ireland",-8.565876,53.4877053
"576","Mucklagh, Offaly, Ireland",-7.5501754,53.250532
"577","Muff, Donegal, Ireland",NA,NA
"578","Muinebeag (formerly Bagenalstown), Carlow, Ireland",NA,NA
"579","Mullagh, Cavan, Ireland",-6.9459818,53.8115174
"580","Mullaghmore, Sligo, Ireland",-8.4494544,54.4655463
"581","Mullinahone, Tipperary South, Ireland",NA,NA
"582","Mullinavat, Kilkenny, Ireland",-7.1708778,52.3691647
"583","Mullingar, Westmeath, Ireland",-7.3381378,53.5259334
"584","Multyfarnham, Westmeath, Ireland",-7.3893159,53.6252723
"585","Mungret, Limerick, Ireland",-8.6304976,52.6680204
"586","Murntown, Wexford, Ireland",-6.5222437,52.28724
"587","N[edit], Ireland",-6.2209259,53.4581754
"588","Naas Town, Kildare, Ireland",-6.659308,53.2205654
"589","Naul, Fingal, Ireland",-6.2889999,53.5850362
"590","Navan (An Uaimh) Town, Meath, Ireland",NA,NA
"591","Nenagh Town, Tipperary North, Ireland",NA,NA
"592","New Ross Town, Wexford, Ireland",NA,NA
"593","Newbawn, Wexford, Ireland",NA,NA
"594","Newbliss, Monaghan, Ireland",-7.1368133,54.1576466
"595","Newcastle West, Limerick, Ireland",-9.0545815,52.4487503
"596","Newcastle, Dublin, Ireland",NA,NA
"597","Newcastle, Tipperary South, Ireland",-7.8112834,52.2725965
"598","Newcastle, Wicklow, Ireland",NA,NA
"599","Newmarket-on-Fergus, Clare, Ireland",-8.8990055,52.7606678
"600","Newmarket, Cork, Ireland",NA,NA
"601","Newport, Mayo, Ireland",-9.5463685,53.8852758
"602","Newport, Tipperary North, Ireland",-8.4187938,52.7102172
"603","Newtown, Cork, Ireland",-8.3803862,51.8282409
"604","Newtown, Laois, Ireland",NA,NA
"605","Newtowncunningham, Donegal, Ireland",-7.5127836,54.9988175
"606","Newtownforbes, Longford, Ireland",-7.835621,53.7654838
"607","Newtownmountkennedy, Wicklow, Ireland",NA,NA
"608","Newtownsandes, Kerry, Ireland",-9.3705466,52.5016803
"609","Nobber, Meath, Ireland",-6.7479398,53.8217066
"610","Nurney, Kildare, Ireland",-6.9482121,53.0966332
"611","O'Briensbridge-Montpelier, Clare and Limerick, Ireland",-8.4967694,52.7482688
"612","O[edit], Ireland",NA,NA
"613","Oilgate, Wexford, Ireland",NA,NA
"614","Oldcastle, Meath, Ireland",NA,NA
"615","Oldtown, Fingal, Ireland",-6.3154307,53.522678
"616","Omeath, Louth, Ireland",-6.2593365,54.0882604
"617","Oola, Limerick, Ireland",-8.2595819,52.5297043
"618","Oranmore, Galway, Ireland",-8.9297335,53.2647506
"619","Oughterard, Galway, Ireland",-9.3189472,53.4285481
"620","P[edit], Ireland",-6.2209259,53.4581754
"621","Pallas Green, Limerick, Ireland",-8.35282,52.54911
"622","Pallaskenry, Limerick, Ireland",-8.8673168,52.6440285
"623","Passage East, Waterford, Ireland",-6.974395,52.2396938
"624","Passage West, Cork, Ireland",-8.3362128,51.8720626
"625","Patrickswell, Limerick, Ireland",-8.7068627,52.5982214
"626","Paulstown, Kilkenny, Ireland",-7.0211221,52.6813185
"627","Pettigo (pt.) (a), Donegal, Ireland",-7.8317292,54.5491699
"628","Piercetown, Wexford, Ireland",-6.48747,52.28786
"629","Piltown, Kilkenny, Ireland",-7.3249945,52.3506545
"630","Portarlington, Laois and Offaly, Ireland",-7.1877573,53.161211
"631","Portlaoise (formerly Maryborough), Laois, Ireland",-7.3024575,53.0350261
"632","Portlaw, Waterford, Ireland",-7.3144407,52.2881989
"633","Portmarnock, Fingal, Ireland",NA,NA
"634","Portrane, Fingal, Ireland",-6.11462,53.4932
"635","Portroe, Tipperary North, Ireland",NA,NA
"636","Portumna, Galway, Ireland",-8.2185406,53.0927811
"637","Prosperous, Kildare, Ireland",-6.7550083,53.2881253
"638","Puckaun, Tipperary North, Ireland",-8.2385501,52.931884
"639","Q[edit], Ireland",NA,NA
"640","Quilty, Clare, Ireland",-9.4559219,52.8172567
"641","Quin, Clare, Ireland",-8.8637804,52.8175778
"642","R[edit], Ireland",-6.2209259,53.4581754
"643","Raharney, Westmeath, Ireland",-7.0960894,53.5241052
"644","Ramelton, Donegal, Ireland",-7.64809,55.0359
"645","Rannafast, Donegal, Ireland",-8.3063621,55.034738
"646","Raphoe, Donegal, Ireland",-7.5994379,54.8738705
"647","Rathangan, Kildare, Ireland",-6.9945422,53.2210179
"648","Rathard, Cork, Ireland",-8.7384071,51.8483429
"649","Rathcoole, South Dublin, Ireland",-6.466167,53.2817307
"650","Rathcormac, Cork, Ireland",-8.28176,52.07613
"651","Rathdowney, Laois, Ireland",-7.5867228,52.8557157
"652","Rathdrum, Wicklow, Ireland",-6.2311012,52.9323123
"653","Rathkeale, Limerick, Ireland",-8.9370966,52.5238067
"654","Rathluirc (or Charleville), Cork, Ireland",NA,NA
"655","Rathmolyon, Meath, Ireland",-6.8036577,53.4910486
"656","Rathmore, Kerry, Ireland",-9.2184337,52.0842484
"657","Rathmullan, Donegal, Ireland",-7.5363061,55.0970707
"658","Rathnew, Wicklow, Ireland",-6.082812,52.9946004
"659","Rathvilly, Carlow, Ireland",-6.6960481,52.8798345
"660","Ratoath, Meath, Ireland",NA,NA
"661","Reardnogy, Tipperary North, Ireland",NA,NA
"662","Rhode, Offaly, Ireland",-7.1989629,53.3499888
"663","Ring, Waterford, Ireland",-7.5718879,52.0468945
"664","Ringaskiddy (or Loughbeg), Cork, Ireland",-8.32298,51.83142
"665","Rivermeade, Fingal, Ireland",-6.2915242,53.4530488
"666","Riverstown, Sligo, Ireland",-8.3952508,54.1304398
"667","Robertstown, Kildare, Ireland",-6.8153164,53.269268
"668","Rochfortbridge, Westmeath, Ireland",-7.2996835,53.4146417
"669","Rockcorry, Monaghan, Ireland",-7.0148382,54.1178982
"670","Roosky, Leitrim and Roscommon, Ireland",-7.9215349,53.8327737
"671","Roscommon, Roscommon, Ireland",NA,NA
"672","Roscrea, Tipperary North, Ireland",-7.7984696,52.9551789
"673","Rosscarbery, Cork, Ireland",-9.038,51.57767
"674","Rosses Point, Sligo, Ireland",NA,NA
"675","Rosslare, Wexford, Ireland",-6.3892254,52.2720275
"676","Roundstone, Galway, Ireland",-9.9190184,53.3964208
"677","Roundwood, Wicklow, Ireland",-6.2241877,53.0657875
"678","Rush, Fingal, Ireland",-6.0911586,53.5256684
"679","S[edit], Ireland",NA,NA
"680","Saggart, South Dublin, Ireland",-6.4431841,53.2808397
"681","Sallins, Kildare, Ireland",-6.6652313,53.251067
"682","Scarriff, Clare, Ireland",-8.533109,52.9088498
"683","Schull, Cork, Ireland",-9.5479801,51.526867
"684","Scotstown, Monaghan, Ireland",-7.0669514,54.2778889
"685","Shanagarry, Cork, Ireland",-8.0299249,51.8527122
"686","Shanagolden, Limerick, Ireland",-9.1003603,52.5746413
"687","Shannon Environs, Clare, Ireland",NA,NA
"688","Shannon, Clare, Ireland",NA,NA
"689","Shannonbridge, Offaly, Ireland",-8.0447213,53.279632
"690","Shercock, Cavan, Ireland",-6.8979854,53.9950108
"691","Shillelagh, Wicklow, Ireland",-6.5334605,52.7545156
"692","Shinrone, Offaly, Ireland",NA,NA
"693","Shrule, Mayo, Ireland",-9.0883693,53.5202745
"694","Silvermines, Tipperary North, Ireland",-8.2366272,52.794361
"695","Sixmilebridge, Clare, Ireland",NA,NA
"696","Skerries, Fingal, Ireland",NA,NA
"697","Skibbereen Town, Cork, Ireland",-9.2621303,51.5559244
"698","Slane, Meath, Ireland",NA,NA
"699","Slieverue, Kilkenny, Ireland",NA,NA
"700","Sligo Borough, Sligo, Ireland",-8.4760888,54.2766103
"701","Smithborough, Monaghan, Ireland",NA,NA
"702","Sneem, Kerry, Ireland",-9.8983245,51.8373942
"703","Spa, Kerry, Ireland",-9.7885,52.27539
"704","Spiddle, Galway, Ireland",-9.3053627,53.2441766
"705","St. Johnston, Donegal, Ireland",-7.46136,54.93468
"706","Stamullen, Meath, Ireland",-6.26834,53.63023
